Workbook

Sheet Data
B1: im | C1: like | D1: people | E1: one | F1: get | G1: amp | H1: good | I1: know | J1: time | K1: day | L1: would | M1: really | N1: love | O1: think | P1: us | Q1: see | R1: even | S1: make | T1: thats | U1: cant | V1: much | W1: go | X1: still | Y1: great | Z1: want | AA1: got | AB1: never | AC1: well | AD1: also | AE1: back | AF1: today | AG1: u | AH1: happy | AI1: going | AJ1: way | AK1: new | AL1: life | AM1: feel | AN1: ive | AO1: always | AP1: work | AQ1: say | AR1: bad | AS1: right | AT1: thank | AU1: ill | AV1: many | AW1: first | AX1: look | AY1: best | AZ1: take | BA1: hope | BB1: may | BC1: please | BD1: every | BE1: things | BF1: sorry | BG1: better | BH1: sad | BI1: thing | BJ1: man | BK1: said | BL1: hes | BM1: years | BN1: someone | BO1: last | BP1: help | BQ1: fun | BR1: keep | BS1: beautiful | BT1: poor | BU1: home | BV1: super | BW1: trump | BX1: nice | BY1: lol | BZ1: give | CA1: little | CB1: lot | CC1: done | CD1: sure | CE1: god | CF1: yes | CG1: live
A2: im | B2: 1 | C2: 0.13383366 | D2: 0.32147744 | E2: 0.11976744 | F2: 0.4331884 | G2: -0.015795026 | H2: 0.10074036 | I2: 0.31152394 | J2: 0.2008194 | K2: 0.18067797 | L2: 0.07221584 | M2: 0.3661198 | N2: 0.10241633 | O2: 0.21743394 | P2: 0.05420506 | Q2: 0.20732136 | R2: 0.13179974 | S2: 0.30570003 | T2: 0.46720117 | U2: 0.21921498 | V2: 0.15246208 | W2: 0.19631019 | X2: 0.3542338 | Y2: -0.08695174 | Z2: 0.14060625 | AA2: 0.42502934 | AB2: 0.044920553 | AC2: 0.20651644 | AD2: 0.19286282 | AE2: 0.18183586 | AF2: 0.35715044 | AG2: 0.26708603 | AH2: 0.17980951 | AI2: 0.2118344 | AJ2: 0.05939618 | AK2: 0.025468372 | AL2: 0.099072374 | AM2: 0.44944632 | AN2: 0.4215011 | AO2: 0.14622031 | AP2: 0.1773964 | AQ2: 0.30533662 | AR2: 0.14498806 | AS2: 0.28798875 | AT2: 0.15581155 | AU2: 0.35905418 | AV2: 0.09620487 | AW2: -0.008527362 | AX2: 0.11360199 | AY2: 0.013625423 | AZ2: 0.11206856 | BA2: 0.10483124 | BB2: 0.08650748 | BC2: 0.08366854 | BD2: 0.06779793 | BE2: 0.2757405 | BF2: 0.25128144 | BG2: 0.041180052 | BH2: 0.3721213 | BI2: 0.22143368 | BJ2: 0.28720397 | BK2: 0.24107303 | BL2: 0.58857995 | BM2: 0.12074639 | BN2: 0.30132303 | BO2: 0.20491193 | BP2: 0.12854613 | BQ2: 0.2551814 | BR2: 0.4897832 | BS2: 0.05777546 | BT2: 0.16089949 | BU2: 0.1767013 | BV2: 0.5255161 | BW2: 0.043179817 | BX2: 0.14728917 | BY2: 0.5926977 | BZ2: 0.09014875 | CA2: 0.43979988 | CB2: 0.23636322 | CC2: 0.16817233 | CD2: 0.10807921 | CE2: 0.0633705 | CF2: 0.39553022 | CG2: 0.23705703
A3: like | B3: 0.13383366 | C3: 1 | D3: 0.16520667 | E3: 0.09594129 | F3: 0.14307526 | G3: 0.15582171 | H3: 0.28588286 | I3: 0.38003322 | J3: 0.2711458 | K3: 0.20666058 | L3: 0.13978449 | M3: 0.401007 | N3: 0.3343719 | O3: 0.38214365 | P3: 0.17613737 | Q3: 0.21957314 | R3: 0.14110908 | S3: 0.32520124 | T3: 0.15518795 | U3: 0.16550072 | V3: 0.2581759 | W3: 0.14203197 | X3: 0.27691188 | Y3: 0.24961966 | Z3: 0.28532687 | AA3: 0.094347626 | AB3: 0.34911537 | AC3: 0.16417779 | AD3: 0.30750668 | AE3: 0.23964302 | AF3: 0.17046818 | AG3: 0.22892323 | AH3: 0.26104695 | AI3: 0.14414291 | AJ3: 0.48324627 | AK3: 0.07032077 | AL3: 0.20727998 | AM3: 0.17180869 | AN3: 0.1392502 | AO3: 0.4106629 | AP3: 0.06859104 | AQ3: 0.41718823 | AR3: 0.53091216 | AS3: 0.3213342 | AT3: 0.10236642 | AU3: 0.11723111 | AV3: 0.20024991 | AW3: 0.053819057 | AX3: 0.34103772 | AY3: 0.038497873 | AZ3: 0.24941534 | BA3: 0.22276527 | BB3: 0.05868703 | BC3: 0.12141073 | BD3: 0.072079904 | BE3: 0.2886564 | BF3: 0.3044205 | BG3: 0.47540006 | BH3: 0.39481124 | BI3: 0.22002682 | BJ3: 0.28310373 | BK3: 0.35684192 | BL3: 0.21750802 | BM3: 0.18542853 | BN3: 0.32869625 | BO3: 0.08114841 | BP3: 0.16594605 | BQ3: 0.35095108 | BR3: 0.14970955 | BS3: 0.27947196 | BT3: 0.17167172 | BU3: 0.07119556 | BV3: 0.29706106 | BW3: 0.10918028 | BX3: 0.49321115 | BY3: 0.3861528 | BZ3: 0.3022789 | CA3: 0.40158173 | CB3: 0.40735164 | CC3: 0.20564668 | CD3: 0.26881504 | CE3: 0.11192145 | CF3: 0.2519341 | CG3: -0.008096236
A4: people | B4: 0.32147744 | C4: 0.16520667 | D4: 1 | E4: 0.20746757 | F4: 0.25560835 | G4: 0.26987556 | H4: 0.08449742 | I4: 0.4043267 | J4: 0.19423033 | K4: 0.07127807 | L4: 0.3821324 | M4: 0.43862605 | N4: 0.076898955 | O4: 0.3546678 | P4: 0.4944247 | Q4: 0.19551738 | R4: 0.33090347 | S4: 0.1500907 | T4: 0.29443082 | U4: 0.29260024 | V4: 0.22799702 | W4: 0.32680437 | X4: 0.4743723 | Y4: -0.011968137 | Z4: 0.3977415 | AA4: 0.096658416 | AB4: 0.3360799 | AC4: 0.17791523 | AD4: 0.40791345 | AE4: 0.22747287 | AF4: 0.055353623 | AG4: 0.355433 | AH4: 0.09440443 | AI4: 0.33895448 | AJ4: 0.3203562 | AK4: -0.055523172 | AL4: 0.2742998 | AM4: 0.30877987 | AN4: 0.23616031 | AO4: 0.32693642 | AP4: 0.24057887 | AQ4: 0.2070377 | AR4: 0.19203149 | AS4: 0.3620526 | AT4: 0.031529292 | AU4: 0.28116146 | AV4: 0.4447199 | AW4: -0.046640936 | AX4: 0.12767966 | AY4: -0.08180832 | AZ4: 0.16938898 | BA4: 0.10888469 | BB4: 0.089447 | BC4: 0.19399767 | BD4: 0.07693976 | BE4: 0.65569377 | BF4: 0.17871688 | BG4: 0.18647349 | BH4: 0.33475062 | BI4: 0.38235104 | BJ4: 0.48421046 | BK4: 0.08294519 | BL4: 0.35131064 | BM4: 0.24026187 | BN4: 0.58158964 | BO4: -0.025694909 | BP4: 0.35100773 | BQ4: 0.22983624 | BR4: 0.28821144 | BS4: -0.06599683 | BT4: 0.24183081 | BU4: 0.3189513 | BV4: 0.0847882 | BW4: 0.41451815 | BX4: 0.0680808 | BY4: 0.324505 | BZ4: 0.02912359 | CA4: 0.028139768 | CB4: 0.43288133 | CC4: 0.027253408 | CD4: 0.254221 | CE4: 0.14466244 | CF4: 0.23441988 | CG4: 0.21975042
A5: one | B5: 0.11976744 | C5: 0.09594129 | D5: 0.20746757 | E5: 1 | F5: 0.18226632 | G5: 0.006322867 | H5: 0.26116928 | I5: 0.39673245 | J5: 0.31103137 | K5: 0.22786717 | L5: 0.31584194 | M5: 0.288319 | N5: 0.14719048 | O5: 0.39589915 | P5: 0.2099478 | Q5: 0.1960475 | R5: 0.25578934 | S5: 0.17359658 | T5: 0.3614332 | U5: 0.12701343 | V5: 0.16576584 | W5: 0.18060848 | X5: 0.34567463 | Y5: 0.2396852 | Z5: 0.20478082 | AA5: 0.2461867 | AB5: 0.30917227 | AC5: 0.1620885 | AD5: 0.42245734 | AE5: 0.17810741 | AF5: 0.2537221 | AG5: 0.17168495 | AH5: 0.18953538 | AI5: 0.2549346 | AJ5: 0.28944144 | AK5: 0.08319403 | AL5: 0.23072639 | AM5: 0.19703625 | AN5: 0.22497469 | AO5: 0.41031292 | AP5: 0.18134783 | AQ5: 0.3184906 | AR5: 0.2930678 | AS5: 0.47412163 | AT5: 0.012760625 | AU5: 0.2726339 | AV5: 0.13223916 | AW5: 0.5007389 | AX5: 0.16552943 | AY5: 0.3574691 | AZ5: 0.20252095 | BA5: 0.24074115 | BB5: 0.07115854 | BC5: 0.12348596 | BD5: 0.64221495 | BE5: 0.31854928 | BF5: 0.1790648 | BG5: 0.20050105 | BH5: 0.30843478 | BI5: 0.5592474 | BJ5: 0.3352028 | BK5: 0.37756446 | BL5: 0.29266065 | BM5: 0.27324265 | BN5: 0.43086192 | BO5: 0.3804975 | BP5: 0.12162743 | BQ5: 0.16168939 | BR5: -0.019677598 | BS5: 0.28744742 | BT5: 0.031622794 | BU5: 0.06613531 | BV5: 0.10319557 | BW5: 0.31666344 | BX5: 0.27961665 | BY5: 0.40004322 | BZ5: 0.25766194 | CA5: 0.30745822 | CB5: 0.23521589 | CC5: 0.13674116 | CD5: 0.34707335 | CE5: 0.14796321 | CF5: 0.30987892 | CG5: 0.24478889
A6: get | B6: 0.4331884 | C6: 0.14307526 | D6: 0.25560835 | E6: 0.18226632 | F6: 1 | G6: 0.07096399 | H6: 0.10010664 | I6: 0.39890057 | J6: 0.18296726 | K6: 0.25932452 | L6: 0.19596447 | M6: 0.23254225 | N6: 0.086776294 | O6: 0.35039335 | P6: 0.05482732 | Q6: 0.4452078 | R6: 0.24861932 | S6: 0.43033692 | T6: 0.19624056 | U6: 0.2032802 | V6: 0.19106978 | W6: 0.6407766 | X6: 0.37036932 | Y6: 0.061677437 | Z6: 0.33439487 | AA6: 0.63119274 | AB6: 0.19429256 | AC6: 0.29788223 | AD6: 0.17945057 | AE6: 0.15503377 | AF6: 0.23794691 | AG6: 0.27436563 | AH6: 0.12779312 | AI6: 0.3324287 | AJ6: 0.186219 | AK6: -0.016652368 | AL6: 0.1268594 | AM6: 0.3452131 | AN6: 0.2604063 | AO6: 0.08782267 | AP6: 0.33190572 | AQ6: 0.3820887 | AR6: 0.11096214 | AS6: 0.3993019 | AT6: -0.02014466 | AU6: 0.25733522 | AV6: 0.13804953 | AW6: 0.055725478 | AX6: 0.23006241 | AY6: 0.07087465 | AZ6: 0.33543998 | BA6: 0.1272426 | BB6: 0.029846774 | BC6: 0.088124275 | BD6: 0.06370743 | BE6: 0.29196316 | BF6: 0.10956489 | BG6: 0.21581382 | BH6: 0.14969185 | BI6: 0.11976026 | BJ6: 0.11623319 | BK6: 0.20799302 | BL6: 0.2611376 | BM6: 0.15341173 | BN6: 0.25334325 | BO6: 0.14150135 | BP6: 0.33229032 | BQ6: 0.16212074 | BR6: 0.41164804 | BS6: -0.062008496 | BT6: 0.099739365 | BU6: 0.2411925 | BV6: 0.24182639 | BW6: 0.09250402 | BX6: 0.29342017 | BY6: 0.44422337 | BZ6: 0.44462484 | CA6: 0.17573617 | CB6: 0.21125735 | CC6: 0.20880103 | CD6: 0.14544585 | CE6: 0.008910675 | CF6: 0.11169791 | CG6: 0.37767017
A7: amp | B7: -0.015795026 | C7: 0.15582171 | D7: 0.26987556 | E7: 0.006322867 | F7: 0.07096399 | G7: 1 | H7: 0.11663996 | I7: 0.1110053 | J7: -0.00677267 | K7: 0.17022952 | L7: 0.16451652 | M7: 0.22630228 | N7: 0.3566307 | O7: 0.09092043 | P7: 0.19759957 | Q7: 0.15220599 | R7: 0.18122698 | S7: 0.19043967 | T7: -0.05492841 | U7: 0.12027377 | V7: 0.32371765 | W7: 0.08792584 | X7: 0.3122813 | Y7: 0.13057542 | Z7: 0.24400192 | AA7: 0.026049765 | AB7: 0.2582984 | AC7: 0.20686166 | AD7: 0.35284302 | AE7: 0.1058127 | AF7: 0.19545889 | AG7: 0.25454086 | AH7: 0.25362074 | AI7: 0.07053996 | AJ7: 0.19160312 | AK7: 0.10637324 | AL7: 0.30999285 | AM7: 0.21361834 | AN7: 0.080731414 | AO7: 0.3775413 | AP7: 0.1498874 | AQ7: 0.018533852 | AR7: 0.12186698 | AS7: 0.10596152 | AT7: 0.2139033 | AU7: -0.009747227 | AV7: 0.37130275 | AW7: 0.06375964 | AX7: 0.10833906 | AY7: 0.18093324 | AZ7: 0.1598875 | BA7: 0.32413554 | BB7: 0.17693624 | BC7: 0.19040956 | BD7: 0.069958225 | BE7: 0.14787598 | BF7: 0.2939933 | BG7: 0.17795934 | BH7: 0.19666828 | BI7: 0.04744146 | BJ7: 0.22020324 | BK7: 0.003280255 | BL7: 0.03258109 | BM7: 0.06195584 | BN7: 0.2459941 | BO7: 0.040225707 | BP7: 0.26052833 | BQ7: 0.029294897 | BR7: 0.26321092 | BS7: 0.32782358 | BT7: 0.26332667 | BU7: 0.39202386 | BV7: 0.06067331 | BW7: 0.10303069 | BX7: 0.04624606 | BY7: -0.022085905 | BZ7: 0.16256802 | CA7: 0.25279903 | CB7: 0.2932859 | CC7: 0.05829958 | CD7: 0.05777031 | CE7: 0.22513752 | CF7: -0.07446738 | CG7: 0.31437454
A8: good | B8: 0.10074036 | C8: 0.28588286 | D8: 0.08449742 | E8: 0.26116928 | F8: 0.10010664 | G8: 0.11663996 | H8: 1 | I8: 0.24524169 | J8: 0.2032491 | K8: 0.14788528 | L8: 0.17746378 | M8: 0.35987842 | N8: 0.21633954 | O8: 0.24419963 | P8: 0.14766511 | Q8: 0.17135608 | R8: 0.15094247 | S8: 0.14522167 | T8: 0.29346338 | U8: 0.08336842 | V8: 0.19152099 | W8: 0.1783668 | X8: 0.11829488 | Y8: 0.62141067 | Z8: 0.18160263 | AA8: 0.0671522 | AB8: 0.13816497 | AC8: 0.2792786 | AD8: 0.23235296 | AE8: 0.20324178 | AF8: 0.16899838 | AG8: 0.22427623 | AH8: 0.14259738 | AI8: 0.22375911 | AJ8: 0.13827583 | AK8: 0.15712127 | AL8: 0.13061674 | AM8: 0.2160898 | AN8: 0.12539758 | AO8: 0.28486848 | AP8: 0.20589897 | AQ8: 0.20147769 | AR8: 0.6841738 | AS8: 0.32106844 | AT8: 0.16142794 | AU8: 0.21322948 | AV8: 0.13660693 | AW8: 0.14128248 | AX8: 0.22536783 | AY8: 0.5045991 | AZ8: 0.28320748 | BA8: 0.28787577 | BB8: 0.177667 | BC8: 0.18296766 | BD8: 0.1812622 | BE8: 0.19341417 | BF8: 0.2610448 | BG8: 0.39069918 | BH8: 0.26258275 | BI8: 0.13433537 | BJ8: 0.07153659 | BK8: 0.16886398 | BL8: 0.11121873 | BM8: 0.026316425 | BN8: 0.093374506 | BO8: 0.2563884 | BP8: 0.22418608 | BQ8: 0.3016305 | BR8: 0.20832965 | BS8: 0.35302293 | BT8: 0.3085691 | BU8: 0.06047705 | BV8: 0.010582278 | BW8: 0.0638995 | BX8: 0.5281258 | BY8: 0.2510838 | BZ8: 0.2915444 | CA8: 0.30560374 | CB8: 0.25889176 | CC8: 0.3053131 | CD8: 0.34981635 | CE8: 0.16431211 | CF8: 0.16498858 | CG8: 0.07790997
A9: know | B9: 0.31152394 | C9: 0.38003322 | D9: 0.4043267 | E9: 0.39673245 | F9: 0.39890057 | G9: 0.1110053 | H9: 0.24524169 | I9: 1 | J9: 0.36596078 | K9: 0.2458974 | L9: 0.3298798 | M9: 0.54550636 | N9: 0.3536651 | O9: 0.6337425 | P9: 0.42752865 | Q9: 0.57043844 | R9: 0.24717627 | S9: 0.2611567 | T9: 0.49844858 | U9: 0.31680676 | V9: 0.27896363 | W9: 0.466592 | X9: 0.5658405 | Y9: 0.11728244 | Z9: 0.41040704 | AA9: 0.30564404 | AB9: 0.3848042 | AC9: 0.22882408 | AD9: 0.44969237 | AE9: 0.22776139 | AF9: 0.2664692 | AG9: 0.5062469 | AH9: 0.31226024 | AI9: 0.40716955 | AJ9: 0.39538208 | AK9: 0.023606109 | AL9: 0.36892995 | AM9: 0.44162214 | AN9: 0.26473776 | AO9: 0.36997968 | AP9: 0.25900114 | AQ9: 0.6539632 | AR9: 0.34845322 | AS9: 0.5057629 | AT9: 0.22744168 | AU9: 0.3203762 | AV9: 0.30132174 | AW9: 0.12192222 | AX9: 0.33345294 | AY9: 0.08792742 | AZ9: 0.30507693 | BA9: 0.4207699 | BB9: 0.15795344 | BC9: 0.30206296 | BD9: 0.1780939 | BE9: 0.51420873 | BF9: 0.45774472 | BG9: 0.44573396 | BH9: 0.47049883 | BI9: 0.494722 | BJ9: 0.42923784 | BK9: 0.47593334 | BL9: 0.37054607 | BM9: 0.25206718 | BN9: 0.4169302 | BO9: 0.17037846 | BP9: 0.45926452 | BQ9: 0.3591547 | BR9: 0.32527643 | BS9: 0.16622837 | BT9: 0.17532495 | BU9: 0.11260518 | BV9: 0.1779243 | BW9: 0.35723212 | BX9: 0.3003443 | BY9: 0.6113099 | BZ9: 0.4693432 | CA9: 0.32862815 | CB9: 0.41378927 | CC9: 0.43394378 | CD9: 0.46456125 | CE9: 0.19386873 | CF9: 0.5219016 | CG9: 0.3663515
A10: time | B10: 0.2008194 | C10: 0.2711458 | D10: 0.19423033 | E10: 0.31103137 | F10: 0.18296726 | G10: -0.00677267 | H10: 0.2032491 | I10: 0.36596078 | J10: 1 | K10: 0.47402367 | L10: 0.18114105 | M10: 0.2251432 | N10: 0.2243264 | O10: 0.2589794 | P10: 0.38789612 | Q10: 0.06442689 | R10: 0.1639664 | S10: 0.10422818 | T10: 0.22342256 | U10: 0.16054466 | V10: 0.31427738 | W10: 0.27416345 | X10: 0.2643986 | Y10: 0.12528025 | Z10: 0.22460276 | AA10: 0.11046844 | AB10: 0.15999247 | AC10: 0.23886834 | AD10: 0.2956927 | AE10: 0.21447402 | AF10: 0.3589177 | AG10: 0.2542932 | AH10: 0.19197658 | AI10: 0.391218 | AJ10: 0.5125208 | AK10: 0.08677265 | AL10: 0.57457036 | AM10: 0.18707532 | AN10: 0.21579923 | AO10: 0.30530903 | AP10: 0.32249296 | AQ10: 0.15246812 | AR10: 0.10940675 | AS10: 0.3262619 | AT10: 0.22100183 | AU10: 0.3473648 | AV10: 0.08310608 | AW10: 0.17068148 | AX10: 0.12985647 | AY10: 0.12171477 | AZ10: 0.26000994 | BA10: 0.23502333 | BB10: 0.33467156 | BC10: 0.16087952 | BD10: 0.23248051 | BE10: 0.36949292 | BF10: 0.17858215 | BG10: 0.3851876 | BH10: 0.2311497 | BI10: 0.5211728 | BJ10: 0.19574133 | BK10: 0.071608976 | BL10: 0.09124301 | BM10: 0.33078775 | BN10: 0.24856864 | BO10: 0.24856389 | BP10: 0.29691678 | BQ10: 0.27863687 | BR10: 0.08916318 | BS10: -0.000548568 | BT10: 0.000716738 | BU10: 0.28373286 | BV10: 0.08868568 | BW10: 0.052372288 | BX10: 0.10192872 | BY10: 0.31821847 | BZ10: 0.22099237 | CA10: 0.42934868 | CB10: 0.3757346 | CC10: 0.20092514 | CD10: 0.35885397 | CE10: 0.16533653 | CF10: 0.22916427 | CG10: 0.3491943
A11: day | B11: 0.18067797 | C11: 0.20666058 | D11: 0.07127807 | E11: 0.22786717 | F11: 0.25932452 | G11: 0.17022952 | H11: 0.14788528 | I11: 0.2458974 | J11: 0.47402367 | K11: 1 | L11: 0.097354755 | M11: 0.15330191 | N11: 0.26533365 | O11: 0.19511132 | P11: 0.16956882 | Q11: 0.29110408 | R11: 0.095450886 | S11: 0.19022788 | T11: 0.005641416 | U11: 0.09532267 | V11: 0.16862668 | W11: 0.24152617 | X11: 0.24598312 | Y11: 0.20710061 | Z11: 0.19337767 | AA11: 0.20440052 | AB11: 0.14777392 | AC11: 0.30839017 | AD11: 0.13794824 | AE11: 0.15848036 | AF11: 0.6637878 | AG11: 0.14276907 | AH11: 0.39868367 | AI11: 0.2838637 | AJ11: 0.3902056 | AK11: 0.11468414 | AL11: 0.3782662 | AM11: 0.27720892 | AN11: 0.1498013 | AO11: 0.34457597 | AP11: 0.27793238 | AQ11: 0.16119722 | AR11: 0.024398437 | AS11: 0.17501897 | AT11: 0.23705816 | AU11: 0.14948933 | AV11: 0.23485167 | AW11: 0.11171775 | AX11: 0.21035828 | AY11: 0.15950298 | AZ11: 0.11374101 | BA11: 0.3877733 | BB11: 0.28838193 | BC11: 0.043044355 | BD11: 0.18295702 | BE11: 0.3510502 | BF11: 0.2357706 | BG11: 0.26181754 | BH11: 0.27771258 | BI11: 0.44092432 | BJ11: 0.20080191 | BK11: 0.060300916 | BL11: 0.05358341 | BM11: 0.27224377 | BN11: 0.029985026 | BO11: 0.18722498 | BP11: 0.17595567 | BQ11: 0.22242686 | BR11: 0.15702042 | BS11: 0.37279037 | BT11: -0.13431785 | BU11: 0.39451984 | BV11: 0.12417307 | BW11: -0.17933366 | BX11: 0.31338015 | BY11: 0.16687979 | BZ11: 0.20629893 | CA11: 0.38906 | CB11: 0.22511852 | CC11: 0.13004293 | CD11: 0.24635972 | CE11: 0.24889211 | CF11: 0.03228024 | CG11: 0.39981577
A12: would | B12: 0.07221584 | C12: 0.13978449 | D12: 0.3821324 | E12: 0.31584194 | F12: 0.19596447 | G12: 0.16451652 | H12: 0.17746378 | I12: 0.3298798 | J12: 0.18114105 | K12: 0.097354755 | L12: 1 | M12: 0.32374546 | N12: 0.12244023 | O12: 0.2452772 | P12: 0.2733441 | Q12: 0.17791675 | R12: 0.3638344 | S12: 0.24998224 | T12: 0.3553763 | U12: 0.4150834 | V12: 0.29207814 | W12: 0.18604587 | X12: 0.2841747 | Y12: 0.10717722 | Z12: 0.5700302 | AA12: 0.21251462 | AB12: 0.30914965 | AC12: 0.30194634 | AD12: 0.36697805 | AE12: 0.17893244 | AF12: 0.1147903 | AG12: 0.3953735 | AH12: 0.18248834 | AI12: 0.5022426 | AJ12: 0.36748213 | AK12: -0.005626274 | AL12: 0.17734529 | AM12: 0.21172294 | AN12: 0.20276575 | AO12: 0.28616524 | AP12: 0.22331879 | AQ12: 0.1825869 | AR12: 0.14966607 | AS12: 0.18914413 | AT12: 0.029336857 | AU12: 0.5912631 | AV12: 0.26483518 | AW12: 0.264632 | AX12: 0.24833378 | AY12: 0.23850738 | AZ12: 0.080919065 | BA12: 0.32782936 | BB12: 0.30040285 | BC12: 0.43107393 | BD12: 0.30305108 | BE12: 0.39619842 | BF12: 0.07647258 | BG12: 0.34446636 | BH12: 0.17097443 | BI12: 0.24402189 | BJ12: 0.17882976 | BK12: 0.37716463 | BL12: 0.17915563 | BM12: 0.18045226 | BN12: 0.41423485 | BO12: 0.2108705 | BP12: 0.20050934 | BQ12: 0.19945118 | BR12: -0.11400852 | BS12: 0.06878222 | BT12: 0.036114607 | BU12: 0.12018215 | BV12: -0.020877294 | BW12: 0.35192233 | BX12: 0.19265372 | BY12: 0.32430783 | BZ12: 0.2191923 | CA12: 0.14411506 | CB12: 0.31367955 | CC12: 0.13144982 | CD12: 0.2985663 | CE12: 0.1347 | CF12: 0.2753356 | CG12: 0.17166685
A13: really | B13: 0.3661198 | C13: 0.401007 | D13: 0.43862605 | E13: 0.288319 | F13: 0.23254225 | G13: 0.22630228 | H13: 0.35987842 | I13: 0.54550636 | J13: 0.2251432 | K13: 0.15330191 | L13: 0.32374546 | M13: 1 | N13: 0.31111357 | O13: 0.5875707 | P13: 0.10774046 | Q13: 0.514069 | R13: 0.39351732 | S13: 0.26133618 | T13: 0.5701816 | U13: 0.19982089 | V13: 0.40161487 | W13: 0.16418825 | X13: 0.6418055 | Y13: 0.2106202 | Z13: 0.27595755 | AA13: 0.13373376 | AB13: 0.37072656 | AC13: 0.16217959 | AD13: 0.6989028 | AE13: 0.24155651 | AF13: 0.34370887 | AG13: 0.40754434 | AH13: 0.26885784 | AI13: 0.23219734 | AJ13: 0.3761162 | AK13: 0.18223776 | AL13: 0.32470092 | AM13: 0.46615136 | AN13: 0.2907448 | AO13: 0.5658993 | AP13: 0.40687418 | AQ13: 0.54673344 | AR13: 0.35770813 | AS13: 0.33697417 | AT13: 0.11257029 | AU13: 0.090066805 | AV13: 0.39367506 | AW13: 0.13044767 | AX13: 0.3723441 | AY13: 0.09207799 | AZ13: 0.27152264 | BA13: 0.32057834 | BB13: 0.048615113 | BC13: 0.10553162 | BD13: 0.11977583 | BE13: 0.48739225 | BF13: 0.46625152 | BG13: 0.27341554 | BH13: 0.53320396 | BI13: 0.41545925 | BJ13: 0.37469757 | BK13: 0.26552534 | BL13: 0.3398721 | BM13: 0.048952013 | BN13: 0.4713237 | BO13: 0.19244064 | BP13: 0.2906982 | BQ13: 0.38492745 | BR13: 0.35626835 | BS13: 0.24378745 | BT13: 0.054539766 | BU13: 0.06710494 | BV13: 0.54475653 | BW13: 0.10698177 | BX13: 0.37470058 | BY13: 0.6552889 | BZ13: 0.18481593 | CA13: 0.44267905 | CB13: 0.61099964 | CC13: 0.3116351 | CD13: 0.34743527 | CE13: 0.08386124 | CF13: 0.3840861 | CG13: 0.23125951
... A85: live | B85: 0.23705703 | C85: -0.008096236 | D85: 0.21975042 | E85: 0.24478889 | F85: 0.37767017 | G85: 0.31437454 | H85: 0.07790997 | I85: 0.3663515 | J85: 0.3491943 | K85: 0.39981577 | L85: 0.17166685 | M85: 0.23125951 | N85: 0.4071486 | O85: 0.20846438 | P85: 0.28234816 | Q85: 0.501687 | R85: 0.24405092 | S85: 0.17761424 | T85: 0.10743542 | U85: 0.24665056 | V85: 0.18168549 | W85: 0.5612348 | X85: 0.34931412 | Y85: 0.13022886 | Z85: 0.39137515 | AA85: 0.18929724 | AB85: 0.34044403 | AC85: 0.22892028 | AD85: 0.16363305 | AE85: 0.37364617 | AF85: 0.49427783 | AG85: 0.39241615 | AH85: 0.40269253 | AI85: 0.35033903 | AJ85: 0.23367155 | AK85: 0.23315452 | AL85: 0.46159214 | AM85: 0.23650934 | AN85: 0.23570193 | AO85: 0.26002684 | AP85: 0.2764098 | AQ85: 0.28227174 | AR85: -0.019648047 | AS85: 0.2719974 | AT85: 0.25876653 | AU85: 0.26994285 | AV85: 0.29519096 | AW85: 0.35679114 | AX85: 0.14457245 | AY85: 0.23469856 | AZ85: 0.2743246 | BA85: 0.37182102 | BB85: 0.4240099 | BC85: 0.2328869 | BD85: 0.27477944 | BE85: 0.28325787 | BF85: 0.21407573 | BG85: 0.20087932 | BH85: 0.41096458 | BI85: 0.27123457 | BJ85: 0.20679231 | BK85: 0.10899871 | BL85: -0.040284965 | BM85: 0.15821095 | BN85: 0.21465158 | BO85: 0.32013005 | BP85: 0.3576027 | BQ85: 0.3428373 | BR85: 0.32749304 | BS85: 0.31820723 | BT85: -0.001235773 | BU85: 0.40234032 | BV85: 0.04366241 | BW85: -0.038822167 | BX85: 0.2497811 | BY85: 0.30134335 | BZ85: 0.37946564 | CA85: 0.20638345 | CB85: 0.23240967 | CC85: 0.11511032 | CD85: 0.15489489 | CE85: 0.26310667 | CF85: 0.06418329 | CG85: 1

Sheet Analysis
A1: Maximum Similarity | C1: =IF(Data!A1<>1,Data!A1,0) -> 0 | D1: =IF(Data!B1<>1,Data!B1,0) -> im | E1: =IF(Data!C1<>1,Data!C1,0) -> like | F1: =IF(Data!D1<>1,Data!D1,0) -> people | G1: =IF(Data!E1<>1,Data!E1,0) -> one | H1: =IF(Data!F1<>1,Data!F1,0) -> get | I1: =IF(Data!G1<>1,Data!G1,0) -> amp | J1: =IF(Data!H1<>1,Data!H1,0) -> good | ... ED1: =IF(Data!EB1<>1,Data!EB1,0) -> 0
A2: =MAX(D2:CY2) -> 0.5926977 | C2: =IF(Data!A2<>1,Data!A2,0) -> im | D2: =IF(Data!B2<>1,Data!B2,0) -> 0 | E2: =IF(Data!C2<>1,Data!C2,0) -> 0.13383366 | F2: =IF(Data!D2<>1,Data!D2,0) -> 0.32147744 | G2: =IF(Data!E2<>1,Data!E2,0) -> 0.11976744 | H2: =IF(Data!F2<>1,Data!F2,0) -> 0.4331884 | I2: =IF(Data!G2<>1,Data!G2,0) -> -0.015795026 | J2: =IF(Data!H2<>1,Data!H2,0) -> 0.10074036 | ... ED2: =IF(Data!EB2<>1,Data!EB2,0) -> 0
A3: =MAX(D3:CY3) -> 0.53091216 | C3: =IF(Data!A3<>1,Data!A3,0) -> like | D3: =IF(Data!B3<>1,Data!B3,0) -> 0.13383366 | E3: =IF(Data!C3<>1,Data!C3,0) -> 0 | F3: =IF(Data!D3<>1,Data!D3,0) -> 0.16520667 | G3: =IF(Data!E3<>1,Data!E3,0) -> 0.09594129 | H3: =IF(Data!F3<>1,Data!F3,0) -> 0.14307526 | I3: =IF(Data!G3<>1,Data!G3,0) -> 0.15582171 | J3: =IF(Data!H3<>1,Data!H3,0) -> 0.28588286 | ... ED3: =IF(Data!EB3<>1,Data!EB3,0) -> 0
A4: =MAX(D4:CY4) -> 0.65569377 | C4: =IF(Data!A4<>1,Data!A4,0) -> people | D4: =IF(Data!B4<>1,Data!B4,0) -> 0.32147744 | E4: =IF(Data!C4<>1,Data!C4,0) -> 0.16520667 | F4: =IF(Data!D4<>1,Data!D4,0) -> 0 | G4: =IF(Data!E4<>1,Data!E4,0) -> 0.20746757 | H4: =IF(Data!F4<>1,Data!F4,0) -> 0.25560835 | I4: =IF(Data!G4<>1,Data!G4,0) -> 0.26987556 | J4: =IF(Data!H4<>1,Data!H4,0) -> 0.08449742 | ... ED4: =IF(Data!EB4<>1,Data!EB4,0) -> 0
A5: =MAX(D5:CY5) -> 0.64221495 | C5: =IF(Data!A5<>1,Data!A5,0) -> one | D5: =IF(Data!B5<>1,Data!B5,0) -> 0.11976744 | E5: =IF(Data!C5<>1,Data!C5,0) -> 0.09594129 | F5: =IF(Data!D5<>1,Data!D5,0) -> 0.20746757 | G5: =IF(Data!E5<>1,Data!E5,0) -> 0 | H5: =IF(Data!F5<>1,Data!F5,0) -> 0.18226632 | I5: =IF(Data!G5<>1,Data!G5,0) -> 0.006322867 | J5: =IF(Data!H5<>1,Data!H5,0) -> 0.26116928 | ... ED5: =IF(Data!EB5<>1,Data!EB5,0) -> 0
A6: =MAX(D6:CY6) -> 0.6407766 | C6: =IF(Data!A6<>1,Data!A6,0) -> get | D6: =IF(Data!B6<>1,Data!B6,0) -> 0.4331884 | E6: =IF(Data!C6<>1,Data!C6,0) -> 0.14307526 | F6: =IF(Data!D6<>1,Data!D6,0) -> 0.25560835 | G6: =IF(Data!E6<>1,Data!E6,0) -> 0.18226632 | H6: =IF(Data!F6<>1,Data!F6,0) -> 0 | I6: =IF(Data!G6<>1,Data!G6,0) -> 0.07096399 | J6: =IF(Data!H6<>1,Data!H6,0) -> 0.10010664 | ... ED6: =IF(Data!EB6<>1,Data!EB6,0) -> 0
A7: =MAX(D7:CY7) -> 0.39202386 | C7: =IF(Data!A7<>1,Data!A7,0) -> amp | D7: =IF(Data!B7<>1,Data!B7,0) -> -0.015795026 | E7: =IF(Data!C7<>1,Data!C7,0) -> 0.15582171 | F7: =IF(Data!D7<>1,Data!D7,0) -> 0.26987556 | G7: =IF(Data!E7<>1,Data!E7,0) -> 0.006322867 | H7: =IF(Data!F7<>1,Data!F7,0) -> 0.07096399 | I7: =IF(Data!G7<>1,Data!G7,0) -> 0 | J7: =IF(Data!H7<>1,Data!H7,0) -> 0.11663996 | ... ED7: =IF(Data!EB7<>1,Data!EB7,0) -> 0
A8: =MAX(D8:CY8) -> 0.6841738 | C8: =IF(Data!A8<>1,Data!A8,0) -> good | D8: =IF(Data!B8<>1,Data!B8,0) -> 0.10074036 | E8: =IF(Data!C8<>1,Data!C8,0) -> 0.28588286 | F8: =IF(Data!D8<>1,Data!D8,0) -> 0.08449742 | G8: =IF(Data!E8<>1,Data!E8,0) -> 0.26116928 | H8: =IF(Data!F8<>1,Data!F8,0) -> 0.10010664 | I8: =IF(Data!G8<>1,Data!G8,0) -> 0.11663996 | J8: =IF(Data!H8<>1,Data!H8,0) -> 0 | ... ED8: =IF(Data!EB8<>1,Data!EB8,0) -> 0
A9: =MAX(D9:CY9) -> 0.6539632 | C9: =IF(Data!A9<>1,Data!A9,0) -> know | D9: =IF(Data!B9<>1,Data!B9,0) -> 0.31152394 | E9: =IF(Data!C9<>1,Data!C9,0) -> 0.38003322 | F9: =IF(Data!D9<>1,Data!D9,0) -> 0.4043267 | G9: =IF(Data!E9<>1,Data!E9,0) -> 0.39673245 | H9: =IF(Data!F9<>1,Data!F9,0) -> 0.39890057 | I9: =IF(Data!G9<>1,Data!G9,0) -> 0.1110053 | J9: =IF(Data!H9<>1,Data!H9,0) -> 0.24524169 | ... ED9: =IF(Data!EB9<>1,Data!EB9,0) -> 0
A10: =MAX(D10:CY10) -> 0.57457036 | C10: =IF(Data!A10<>1,Data!A10,0) -> time | D10: =IF(Data!B10<>1,Data!B10,0) -> 0.2008194 | E10: =IF(Data!C10<>1,Data!C10,0) -> 0.2711458 | F10: =IF(Data!D10<>1,Data!D10,0) -> 0.19423033 | G10: =IF(Data!E10<>1,Data!E10,0) -> 0.31103137 | H10: =IF(Data!F10<>1,Data!F10,0) -> 0.18296726 | I10: =IF(Data!G10<>1,Data!G10,0) -> -0.00677267 | J10: =IF(Data!H10<>1,Data!H10,0) -> 0.2032491 | ... ED10: =IF(Data!EB10<>1,Data!EB10,0) -> 0
A11: =MAX(D11:CY11) -> 0.6637878 | C11: =IF(Data!A11<>1,Data!A11,0) -> day | D11: =IF(Data!B11<>1,Data!B11,0) -> 0.18067797 | E11: =IF(Data!C11<>1,Data!C11,0) -> 0.20666058 | F11: =IF(Data!D11<>1,Data!D11,0) -> 0.07127807 | G11: =IF(Data!E11<>1,Data!E11,0) -> 0.22786717 | H11: =IF(Data!F11<>1,Data!F11,0) -> 0.25932452 | I11: =IF(Data!G11<>1,Data!G11,0) -> 0.17022952 | J11: =IF(Data!H11<>1,Data!H11,0) -> 0.14788528 | ... ED11: =IF(Data!EB11<>1,Data!EB11,0) -> 0
A12: =MAX(D12:CY12) -> 0.5912631 | C12: =IF(Data!A12<>1,Data!A12,0) -> would | D12: =IF(Data!B12<>1,Data!B12,0) -> 0.07221584 | E12: =IF(Data!C12<>1,Data!C12,0) -> 0.13978449 | F12: =IF(Data!D12<>1,Data!D12,0) -> 0.3821324 | G12: =IF(Data!E12<>1,Data!E12,0) -> 0.31584194 | H12: =IF(Data!F12<>1,Data!F12,0) -> 0.19596447 | I12: =IF(Data!G12<>1,Data!G12,0) -> 0.16451652 | J12: =IF(Data!H12<>1,Data!H12,0) -> 0.17746378 | ... ED12: =IF(Data!EB12<>1,Data!EB12,0) -> 0
A13: =MAX(D13:CY13) -> 0.6989028 | C13: =IF(Data!A13<>1,Data!A13,0) -> really | D13: =IF(Data!B13<>1,Data!B13,0) -> 0.3661198 | E13: =IF(Data!C13<>1,Data!C13,0) -> 0.401007 | F13: =IF(Data!D13<>1,Data!D13,0) -> 0.43862605 | G13: =IF(Data!E13<>1,Data!E13,0) -> 0.288319 | H13: =IF(Data!F13<>1,Data!F13,0) -> 0.23254225 | I13: =IF(Data!G13<>1,Data!G13,0) -> 0.22630228 | J13: =IF(Data!H13<>1,Data!H13,0) -> 0.35987842 | ... ED13: =IF(Data!EB13<>1,Data!EB13,0) -> 0
... A132: =MAX(D132:CY132) -> 0 | C132: =IF(Data!A132<>1,Data!A132,0) -> 0 | D132: =IF(Data!B132<>1,Data!B132,0) -> 0 | E132: =IF(Data!C132<>1,Data!C132,0) -> 0 | F132: =IF(Data!D132<>1,Data!D132,0) -> 0 | G132: =IF(Data!E132<>1,Data!E132,0) -> 0 | H132: =IF(Data!F132<>1,Data!F132,0) -> 0 | I132: =IF(Data!G132<>1,Data!G132,0) -> 0 | J132: =IF(Data!H132<>1,Data!H132,0) -> 0 | ... ED132: =IF(Data!EB132<>1,Data!EB132,0) -> 0
